x1,x2,y
0.797630571354348,0.338961513605114,1
0.519256160572511,-0.165841255325747,1
0.218926329234671,0.796078726933108,1
0.705799429287056,0.0677340915759905,1
0.222493450791951,-0.155499697123088,1
0.361047816024461,0.783469228686908,1
0.871693860518186,0.277820264163487,1
0.64665453224738,-0.0495114098820242,1
0.688157752250334,0.580761033151165,1
-0.144135892841941,0.865863946638386,1
0.668845098021945,0.261724126780137,1
0.618485715506083,0.57411330487392,1
0.42169620363352,0.838262684936702,1
0.490394937105632,0.683510346668657,1
0.911553128265536,0.32165903527356,1
0.963579623155762,0.301828060596226,1
-0.0586600027339623,-0.0807597529782902,1
0.933607045062111,0.230585583129089,1
0.650687509382713,0.0873083098487035,1
0.94984126075998,0.341969044678083,1
0.712695565179975,0.624169256725837,1
0.241978702946885,-0.176441443198311,1
0.582357318039179,-0.108833726547384,1
0.81580240968122,0.252554016394523,1
0.603336162338469,0.661106759777164,1
-0.12001655645893,0.750149379186565,1
-0.292531881700819,0.833694196905379,1
0.585504868226509,0.646755139528741,1
-0.0674287430367584,0.892898718954261,1
0.511567138245661,0.0430703609894445,1
0.784601692897549,0.401946843881257,1
0.630573357124039,0.615916133773836,1
-0.00246158840027177,0.791487003280239,1
-0.284368709254899,-0.241188453393908,1
0.969143746069243,0.459920925603958,1
0.629384330337813,0.16980140674808,1
0.089581126547883,-0.276449230711685,1
-0.143466806902514,0.854644124137456,1
0.779200279128301,0.486803540982642,1
0.558316078420804,0.817841080399331,1
-0.00852657227381115,0.855524463375051,1
0.864432866995814,0.516226867485176,1
0.819122988673261,0.331423464280622,1
0.173194116576835,0.820158623395362,1
-0.183307131347336,-0.03962568178216,1
0.223691834309651,-0.220320034357019,1
0.421073789563451,0.754706210347931,1
0.0489514993963542,0.778246858400808,1
0.134993555453787,0.708755509904552,1
0.0161734876582449,-0.116937700060315,1
-0.0946603072087802,-0.339812834325795,1
0.0566757975023564,0.887693738893178,1
0.836896940723306,0.635250258994239,1
0.689241668263507,0.124439059007761,1
0.661284919773071,0.367423098522674,1
0.341719068573798,0.879120649957605,1
0.674668954322031,0.0200569365093421,1
0.302900349256523,0.765426715528174,1
0.470334422746493,0.741373763259307,1
0.548807364898596,-0.0396020740642498,1
0.327718925875131,-0.149783541827657,1
0.814246188754418,0.243403454677634,1
0.182103720736728,0.850396857977758,1
0.749757201269562,-0.028460976639177,1
-0.113641485311529,-0.262599607212234,1
0.305259281313266,0.871295503584294,1
0.165902338248976,-0.220202514058765,1
-0.244148938935509,-0.312366296918745,1
0.0414400353156912,-0.0490343450729182,1
0.742305905458808,0.725944026217247,1
0.146323426464197,0.722774088552153,1
0.510586009366227,0.0224303630211491,1
0.765649398279637,0.248515552981405,1
0.796607160495971,0.269887224446385,1
0.396492587216706,0.864343105077944,1
0.319168399044737,-0.148567457732886,1
0.635423290532564,0.0261940079945349,1
0.32155716283762,0.8078853565294,1
0.724847794100651,0.0550299307444133,1
0.472979873472625,-0.0316225200117769,1
0.858226419602015,0.396827996467402,1
0.722091558714029,0.639363209096929,1
0.86793508891099,0.353725419363527,1
0.650645677907072,0.632121158370458,1
0.231949645115657,0.795278831314459,1
0.594867342417013,0.784013555566132,1
0.155955672686645,-0.149553460319003,1
0.486274821023049,0.710401293092324,1
0.653855724765545,0.636868550843456,1
-0.0572701296696425,0.843839040245442,1
0.372864284411425,0.827719072428465,1
0.729268362375215,0.483449090341254,1
-0.211069208612576,-0.3471612826208,1
-0.0474608251178901,0.693730647867966,1
0.727323555923354,-0.00837332537605462,1
0.526214217368023,0.0364149444158139,1
-0.0347737091424232,-0.192884679014171,1
0.918745388423506,0.222248729248818,1
0.699709902713411,0.432961426492696,1
1,0.4117108910227,1
0.713019531728218,-0.00720908238895723,1
0.339958276651027,-0.216430618697796,1
0.401940281182717,0.0553201837032029,1
0.660899468399954,0.0631408338824084,1
-0.121849373574521,0.856185636736962,1
0.840118204729706,0.179480197802141,1
0.81698612125108,0.400399934458264,1
0.459481348940364,0.702084611274844,1
0.654335856927585,0.497275114210223,1
0.396246630381487,0.759471929113238,1
-0.0838710950907666,-0.0655543852197135,1
0.864501820637369,0.210678896203105,1
0.794950148836477,0.506437364089439,1
0.919559197772819,0.285070447594665,1
0.160344751346354,-0.225977848353281,1
0.661149156827135,0.244054048943638,1
0.831314887862894,0.198529396670999,1
-0.219352786346194,-0.230556009696014,1
0.238957828502717,-0.0651508000052557,1
0.592444189610226,0.139874247981708,1
0.243943437415182,0.76472248017263,1
0.701217599936981,0.376053541262584,1
0.836079034004653,0.181256461806681,1
0.849697801732238,0.313475689985695,1
0.617842101877652,0.224400797665998,1
0.179213855288541,-0.359625205383494,1
0.922814912500739,0.342754361532295,1
0.473922388508633,-0.0461569240894507,1
0.220279537079282,0.759843127913874,1
0.749020634518891,0.643643741599932,1
0.695972859497591,0.760103992007577,1
0.788764280717501,0.262368191960495,1
0.351182428427537,0.794987652464735,1
0.196714865927657,0.852721860830519,1
-0.0943001052160484,-0.325604192392118,1
0.592667577707171,-0.00360647131985381,1
0.490632180117547,-0.07040969667594,1
0.820475544419427,0.522393594989712,1
0.893325396541211,0.310713037308117,1
0.904291424838542,0.152063832318164,1
0.282492748958527,0.814770572066075,1
-0.0427255425877386,0.855353837402833,1
0.453401115596592,0.666540678803157,1
0.834667107773835,0.425827689031933,1
0.647536705991741,0.428021139372472,1
-0.217617828843248,-0.285010860273873,1
0.0343707046073902,-0.260430856172933,1
0.690474720435608,0.634340287193266,1
0.0094798960333391,0.903547627977206,1
0.654010747020264,0.764219955435349,1
0.171868770563924,-0.201558313315291,1
-0.282372624624731,-0.176239431958546,1
0.725135489463501,0.16014807279835,1
0.695985326480846,0.247209901579057,1
0.175687575153751,0.892378838147733,1
0.747523062161553,0.314620427378232,1
0.814105892547863,0.232580166020081,1
0.183115445463395,0.783807442710816,1
-0.0241175010485898,-0.127601913487234,1
0.856449688118114,0.445981509804986,1
0.195356091118675,-0.109311969618694,1
0.906462435008656,0.413581139698993,1
0.454884962860065,0.852960470565558,1
0.810741859182547,0.535197379860948,1
0.788406538275181,0.22378292276285,1
0.674209767479494,0.510666779563123,1
0.757643147192202,0.542555708244217,1
-0.0539787001341089,-0.204310064614391,1
0.938519961749366,0.289366815754748,1
0.367113491302709,0.73295356109,1
0.311003857191702,0.671558527771558,1
0.299183567348366,0.715601945024895,1
0.327075338544352,-0.108950990370757,1
0.535779372736245,-0.0611413125509581,1
-0.0258262795167634,0.913111151887888,1
0.167911456111786,0.801427602770801,1
0.300766350474128,0.704272963762071,1
-0.136561587697553,-0.264842343609459,1
0.829163943315849,0.435581962175758,1
0.901012319025915,0.4554925681404,1
0.17492134744224,0.733847793900967,1
0.00428661489261439,-0.154416499394793,1
0.303333740301599,0.673586766937572,1
0.00348700260113488,0.798860113268398,1
0.413210476916042,-0.14708085970707,1
-0.238170719940651,0.875704756336102,1
0.299144604312461,0.719639186197275,1
0.448786929722893,0.791149049154941,1
-0.207658294174095,0.864759389573882,1
0.591737951042233,0.726208957123112,1
0.518009611276461,0.0120093844831728,1
0.715139199132369,0.0252521952154545,1
0.758555835720894,0.452921145195542,1
0.865634927520172,0.494835714748977,1
0.805384762091256,0.369229235464997,1
0.532982295472169,0.511385966211351,1
0.871136133798624,0.466246931898433,1
0.610982333155093,-0.136415150189254,1
0.867334390137264,0.533436557115549,1
0.0550359109271368,0.844566171006314,1
0.775967628637838,0.105263104568846,1
0.730873180282616,0.540073335153645,1
0.523309024851283,0.730826280610247,1
0.843985821563381,0.351437235223907,1
0.739679709329355,0.180290493916075,1
0.70038196980378,0.023611411893377,1
0.47678007322588,-0.0115369459201368,1
0.04427553808773,-0.113176392251348,1
-0.0704837324164761,0.655466891038488,1
0.913307996364634,0.337804885862198,1
0.75348766830286,0.410034401912475,1
0.61780266204865,0.000143582553096211,1
-0.21826778977592,0.960750378925011,1
-0.215584857193408,0.930550512422808,1
0.187548832493915,0.758122401403794,1
0.936310336808486,0.341512756439816,1
0.865243048424863,0.409467851809613,1
0.228478690752559,-0.187390687102972,1
0.686595111328728,-0.0429191074699125,1
0.795651298276851,0.447977944590461,1
0.0179666018117788,-0.253275872380398,1
0.850353838885977,0.254658808824838,1
0.908185765889345,0.293838318308243,1
0.675667714028822,0.0983724268852455,1
0.601974536480738,-0.169280325650843,1
0.681888131285863,0.683486770250392,1
0.868631904771598,0.635670088778527,1
-0.154998198259701,0.862114374660957,1
0.451429198909328,0.804438955857698,1
0.654467805731103,0.353256356717552,1
0.518486552776336,-0.0600547042493146,1
0.276853331410224,0.703266793593601,1
0.00203756163698565,0.955942941884562,1
-0.0739303486733568,-0.140698466976282,1
0.819889867173322,0.506063606086151,1
0.710774097168611,0.417767344254498,1
0.138070908557129,0.836758057839512,1
0.0889642671957716,-0.18852654207982,1
0.298814782793942,-0.220487972881883,1
0.120337422601796,0.840871913428725,1
0.0790753107660298,-0.341011812227049,1
0.11715677284443,0.86501424627854,1
0.721943510723072,0.0844178773632487,1
0.700170079204733,0.125336238110924,1
-0.0336044778938623,-0.177435646011081,1
0.70809694007869,0.368551182304017,1
0.83051220286282,0.255834386062722,1
0.524634603417312,0.737082987672751,1
0.903483742508683,0.530746503630817,1
0.759194042470405,0.584100856331039,1
0.810234538291064,0.415842430383054,1
0.0729864148920305,-0.217866706344581,1
0.916108869156683,-0.0967502572733202,1
0.265913001283436,-0.323678619345901,1
0.888736701131026,0.245053770594606,1
0.585094187836461,0.0891233340677098,1
0.63650933375367,0.0679016461881792,1
0.70989555997639,0.121608466739762,1
0.0100924315131767,0.791138658685498,1
0.493409682905145,0.758469905073114,1
0.702640100984903,0.348736614470603,1
0.45472707824276,0.634991876926758,1
0.873112358002835,0.365097415466937,1
0.446723256000966,-0.211329037368444,1
0.750019493251809,0.583846786348928,1
-0.143546662312239,0.715757790840498,1
0.63565293688204,0.647123694324811,1
0.328603048046831,-0.236571943504943,1
0.122810674833883,0.787986444722889,1
0.086003836476521,0.651188888108955,1
0.647472373173933,0.078907544299615,1
0.828721404661328,0.0334187579299519,1
-0.00200299295406059,-0.19779836288745,1
0.645345917840031,0.498268693979461,1
0.173986366323673,-0.182439088251463,1
0.373271004660222,-0.0739312664199283,1
0.947617682870321,0.34672522946553,1
0.683015290646269,-0.076340639471862,1
0.781106806583467,0.799001041729763,1
0.0451878548411049,0.75772372772059,1
-0.18919225441957,-0.179856814046859,1
0.261501208692668,-0.163731209248222,1
0.246637328402731,0.840361559566284,1
0.771013245527722,0.646279584854397,1
0.208512282230463,0.888284818169795,1
0.88855876494431,0.350056801609056,1
0.754303127671488,0.647560815237148,1
-0.0914503040167098,0.907972071346463,1
0.0686788138202936,0.797317499106325,1
0.0823368923266015,-0.130822094421295,1
0.785393241866399,0.380478149593826,1
0.706525757933233,0.584420920535242,1
0.606381094076755,0.707017218362751,1
0.0606398652258258,-0.18419125019575,1
-0.267843014648225,0.849756349922031,1
0.92890087789722,0.387760527562286,1
-0.0600686357777621,0.937690597549856,1
0.360847198023701,0.680474684271719,1
0.586683870660736,0.664711175332748,1
0.430637604203777,0.620066109777635,1
0.769573732671379,0.465784270057859,1
0.73601968111242,0.368234766668168,1
0.667866857794776,0.618217098689319,1
0.0629669663336347,-0.301305056835062,1
-0.0850289153431115,0.0387038338547967,1
0.47028298430199,-0.171809776172569,1
0.192348678611848,0.944094745578766,1
0.526437107039448,0.107366767836836,1
0.227479750253079,-0.146623536757516,1
0.49410619741669,0.776213740127592,1
0.613571862415761,0.647692475944496,1
0.681193873609763,0.0643848306503609,1
0.198631684589146,-0.187813188701302,1
0.537548235902461,0.674675828651416,1
0.769720627799976,0.224099926694698,1
0.718982546674202,0.599871711215698,1
0.693489489189333,0.526179447151342,1
0.0696435863065004,-0.197807237091665,1
0.753835982468753,0.149621318984235,1
0.787895733474381,0.321605618096721,1
0.701097413613141,-0.0304451622070332,1
0.431032939427415,0.786593424844454,1
-0.107505175980559,0.806752114336732,1
0.20116362939008,-0.010721247217826,1
0.843257633624226,0.429441141623697,1
0.871344198967245,0.263319213297763,1
0.40496382952945,0.0231876663536457,1
0.687028956098488,0.360057852856956,1
0.720660568010274,0.580880938721254,1
0.717452630303532,0.00501354731618764,1
0.847469479795801,0.139405779524947,1
0.450600924323801,0.805048561943764,1
0.508756232723836,0.682940346529351,1
0.416471060452335,0.673465213802073,1
0.344810184288376,0.872914546120221,1
0.643857837199885,0.353347099172074,1
0.0124630324969086,-0.158446440575161,1
0.722235957650036,0.134116469579379,1
-0.104222481090789,0.889267933425523,1
0.221957855658491,-0.260623863735813,1
-0.11323210863574,-0.185219923378783,1
0.69507302038598,0.130475632994347,1
-0.065491977474238,-0.236006016083155,1
-0.141563766357998,0.894849431413002,1
0.231149892593844,-0.199297998373593,1
0.416626932305271,0.00859905695035157,1
0.558209700401989,-0.227476545872199,1
0.0687857847228717,0.895465610638589,1
0.826406544680367,0.707265013388163,1
0.510371542597887,-0.0910342539642202,1
0.731885941526038,-0.136053945961512,1
0.780284726622936,0.500616257368509,1
-0.148341097768999,-0.308468754660295,1
0.526042531812573,0.0462595920113436,1
0.820940277956287,0.282511509743654,1
0.807619869023281,0.387900511638243,1
0.733452287486265,0.240946480533097,1
0.436739993915587,0.624284707464265,1
0.842523839465473,0.225087970614455,1
0.207240765785729,0.846983686959507,1
-0.0603551564214245,0.739610898412872,1
0.11981722154695,0.897646230481977,1
0.71056753824468,0.564697951274237,1
0.11418342439166,-0.144588205679727,1
0.917553142460547,0.352558294181573,1
-0.163450353128908,-0.309131485916133,1
0.864368402741253,0.460987134320621,1
0.840286000200692,0.477555739137416,1
0.885275402229986,0.382696809886298,1
0.790226326921647,0.689827083291835,1
0.860373552683002,0.537736524129946,1
-0.0219501227095552,0.811916070232456,1
-0.131432111326174,0.906944983111409,1
0.846826411834877,0.511674617687507,1
0.0599780755891957,0.784235281648622,1
0.799021937247511,0.221123188751508,1
0.706387673319466,0.281565394952376,1
0.669140282207515,-0.0422863538795719,1
0.814330808218187,0.13640345507105,1
0.664017951322,0.033807249597098,1
0.346100337163408,-0.0555344110683758,1
0.319375569698679,-0.165293440776269,1
-0.221933002627017,0.952142085781029,1
0.825407157872942,0.671460437777688,1
0.727078281561938,0.517925712489679,1
0.162631779655318,0.909829228631984,1
0.431135809130548,0.700559377438505,1
0.709821248537762,0.616668422824289,1
0.663567600103206,0.607533005593108,1
0.667299593270532,0.0717003186424685,1
0.764049125853303,0.0934130914359665,1
0.1281369313076,0.832199600088408,1
0.461520293710063,-0.157688249308716,1
0.390697988613211,-0.130110642657775,1
-0.0559914986568406,0.873878541884396,1
0.837004225941319,0.525178355389719,1
0.735285087006838,0.51934273515414,1
0.620018887215317,0.839233520733967,1
0.838537264011671,0.408299111400357,1
0.863845048379495,0.414955159742821,1
0.0864981077996452,0.926249472689859,1
0.676000131189136,0.400184722564083,1
0.599912366789478,0.706607637929396,1
0.736907701644169,0.0303693061352337,1
0.804364452601839,0.14793867700392,1
0.0192862999988812,-0.139610226900759,1
0.59448435343244,0.746906334962736,1
0.706865778908999,0.25228734142491,1
0.0567475001593765,0.937615332352719,1
0.454785796302897,0.712021350524185,1
0.490191204446107,0.0578768429957239,1
-0.0820723611468132,-0.268188058164171,1
0.657601215129147,-0.0811872579838535,1
-0.0357751495234067,0.975307992483647,1
0.736144333383622,0.131165724150328,1
-0.102392239089602,0.85307604184431,1
0.889447261298242,0.461982595487742,1
0.682866831353273,0.0916609810940001,1
0.21650647503612,-0.195354934633586,1
0.578768491129626,0.548897432287031,1
0.155503273474421,-0.165323479799558,1
0.387205032686804,-0.0849604894441328,1
-0.0901549032315337,0.920260919642355,1
0.74851623554856,0.184992821240672,1
-0.0348857235241609,-0.129802090206219,1
-0.079778833698918,0.781077492010315,1
0.857598244510543,0.293129503954705,1
0.254636375259138,-0.186007712170346,1
0.257254168489466,-0.134766292672735,1
0.756226967498743,0.406064911038958,1
-0.2688234119865,-0.253560450060418,1
0.561179066740276,0.186732545437627,1
0.580718934478301,0.78527525973377,1
-0.300646868204813,0.803389212703378,1
-0.0152180373352366,-0.219134146494382,1
0.798678846738053,0.467027072877027,1
0.908143303115515,0.429621236185715,1
0.825847418490318,0.211744440675259,1
0.522256745941609,-0.0818047729696465,1
-0.163349123095753,-0.238486726597149,1
0.588265004803547,0.541968849090598,1
0.582509179756296,0.74587967418228,1
0.7780134565733,0.578518068352574,1
0.851873441220145,0.503414749204597,1
0.113159873035897,-0.181518946587918,1
0.292223253266628,0.873529481961691,1
0.724130685635527,0.0792648762993171,1
-0.0929084513269881,0.901298546751442,1
0.70271349327574,0.396046398508067,1
0.413354040009024,-0.0524642759977254,1
0.478639956080357,0.674433926990756,1
0.714538495487765,0.29836132810604,1
0.912283173628758,0.118715706366662,1
0.815153464468289,0.448690542023207,1
0.832520643019074,0.410514961809428,1
0.200752310669177,-0.197579309987124,1
-0.077426109394974,0.933069159202181,1
0.406079638529868,0.0724733154607007,1
0.7979200268085,0.433468967111891,1
-0.275381643512223,0.784187361564318,1
0.674901765804092,0.393850260919539,1
0.35231557146404,-0.181445602997313,1
-0.0030808724689152,0.805558250793279,1
-0.110241355503291,0.912400367358602,1
0.744983803244692,0.0660979566719044,1
0.646937984217765,0.0213901431519399,1
0.301354695688775,0.00271247378721529,1
0.394954992023747,-0.152816592751112,1
-0.221809184783294,-0.196568185507598,1
0.73696565163033,0.305473294612796,1
0.798711650673076,0.266035877388556,1
-0.207391368852488,-0.306003471212987,1
0.676167909436333,0.0137043009374702,1
-0.12786732796699,-0.197562044891928,1
0.572285377012397,0.112795936779998,1
0.546218971323846,0.724100128679479,1
0.868167365816421,0.4202652320216,1
0.22468867154303,0.752152160191779,1
-0.0358284776919269,0.839338009899132,1
0.722595822118685,0.310051761814767,1
0.423179154906187,-0.294718857190872,1
-0.0454445097453992,-0.184115425403888,1
0.782930836092616,0.753132990316024,1
-0.150266190310178,-0.0760941200415159,1
0.543258264875165,0.573597049529283,1
-0.055884945849962,-0.140693826292636,1
0.668801638583964,0.481142119356695,1
0.624380789588151,0.545780584193298,1
0.624396322716173,0.656646219360997,1
0.200421831639677,-0.0770561006406243,1
0.692856596358965,-0.00863673158148404,1
0.055378760250715,-0.204365579027282,1
-0.104146868711126,0.961738170574065,1
0.219664444439839,0.831340403297961,1
0.708005075144526,0.215960228260479,1
-0.0744403087903061,0.853136261999998,1
-0.204223600696844,0.906137737101046,1
0.704234728246698,-0.0218911019111926,1
0.488439737150806,-0.138093437331728,1
0.724448261331164,0.200057435620192,1
0.620118353305916,-0.0286886389793628,1
0.716165582259089,-0.0187524078602557,1
0.668474598717467,0.727990647196168,1
0.0573817585960237,0.843369600004309,1
0.490507754417208,0.695276560952527,1
0.707738107395083,0.299616141922022,1
0.0670000003141065,0.802314338637219,1
0.0526453322578357,-0.175073475727554,1
0.434574949579762,0.677649062912203,1
0.166278560043827,0.964743038052911,1
0.868669189571215,0.0776022195880295,1
0.344716243458716,0.690598996303776,1
0.316924025665851,-0.0766427231100962,1
0.323695974118514,0.63667929213461,1
0.588457023280813,0.664284623099788,1
0.526873236053828,-0.0978324044762335,1
0.83420277205468,0.384163060175644,1
0.39224504146239,0.782924923125735,1
0.76138746465147,0.585480327578293,1
0.468113477656946,0.956899064804589,1
0.320002478716443,0.872242694641372,1
0.745101868826772,0.272755484776632,1
0.420721271234126,-0.0839499447986998,1
-0.0703643542313955,0.798061975114007,1
0.623513967853164,-0.00947437625639891,1
0.680965466854914,0.637884101471883,1
0.096813200009837,0.720900265035822,1
0.616935656567323,0.127501438368417,1
0.82963223770777,0.70757845035421,1
0.914063282649443,0.328223546694722,1
0.863651645774223,0.539800965361014,1
0.185879097098528,-0.156563786052072,1
0.851063794309088,0.331471102895651,1
0.227758882546132,0.818260657059516,1
0.792091099496559,0.531000696331888,1
0.901463526132432,0.329583418767704,1
0.568686040259986,0.65152093026919,1
0.18129827503353,-0.242607742554106,1
0.403976628929953,-0.159944826989497,1
0.713478552364282,0.0496011975810904,1
0.000814688967414767,-0.138727763180703,1
0.551276715627191,-0.0120548652802202,1
0.435473020115211,0.656795137768356,1
0.823132083789375,0.55322013819839,1
0.361023108221641,0.68071886144743,1
0.555564765900524,0.130917630917103,1
0.43465621424827,0.714533710850695,1
0.626795419701168,0.578551204586541,1
0.886939773622242,0.291937742184349,1
-0.0742423469633183,-0.274104999877867,1
0.529336526178988,0.730296184917435,1
0.832427153104677,0.487688464840474,1
-0.102767841821311,-0.0891700823698107,1
0.646123605545848,0.639941828056457,1
-0.0539823990094939,0.95809123895203,1
-0.0368540333249464,0.817311975483274,1
0.726077121144528,0.512866720198529,1
0.752213582315289,0.215518899368893,1
0.800812165036539,0.420283372410591,1
0.311524096446612,-0.150579292209334,1
0.593159695596201,-0.142722538043445,1
0.331768831637045,0.758724157053768,1
0.0247970539258195,-0.125945094116442,1
0.385951633363965,-0.14532193152068,1
-0.151187121482326,-0.189616517290109,1
-0.246514375941525,-0.352460451858874,1
0.39991243453912,-0.0505859659437933,1
0.735063912732853,0.445055133238262,1
0.631736685596113,-0.0914952855057559,1
0.935868301384813,0.343211719766632,1
0.858011362077127,0.0959179208419403,1
0.218707373543557,0.708665724665451,1
0.331055643780484,0.707623324118534,1
0.510567654460264,-0.13760040405823,1
0.832355690169194,0.254803140788903,1
0.27200609463583,0.660645997880537,1
0.710053049203215,0.510879995503819,1
0.150082177314491,0.746410545951868,1
0.847237138734794,0.291459900446557,1
-0.0970822429483055,-0.126791120818724,1
0.301643057747983,0.713752636456997,1
0.690664070270327,0.145146786784473,1
0.179701588754625,0.899501649934862,1
0.792655656040088,0.05537772834928,1
0.155265432216212,-0.0637381925256705,1
0.14292147926537,0.911501366067231,1
0.796907460563257,0.306536658585144,1
0.346350940369542,-0.120510534956043,1
0.222848606315611,0.80100938671057,1
0.340568171807933,0.663989190541396,1
-0.172341560917689,0.962255670064222,1
0.71592169795959,0.479104480974284,1
0.130214774343458,0.838632948560329,1
0.231427971321061,0.768462544393038,1
0.590835299123747,0.00385506133919655,1
0.579575176373211,0.548760417271882,1
0.189990907425174,-0.280867973854553,1
0.162374266637947,0.799596511240708,1
0.522011932325672,-0.2316771859313,1
0.627771583563682,0.149006653779626,1
0.713471276220085,0.465399914864425,1
0.818228692818207,0.472467096756809,1
0.408078438817797,-0.0930203844534307,1
-0.302278162968231,0.772118288297819,1
0.559561930766582,0.82838313088013,1
0.185895005543327,-0.0813779001781078,1
0.631477400074283,0.0604631328471115,1
0.296130144610155,0.716147102730214,1
0.59701231139065,-0.0920840482070796,1
0.24417559983073,-0.37520100219021,1
0.0744207633783325,-0.303442972447115,1
0.0798734573755087,-0.326265462069356,1
0.94254960077939,0.223989278033265,1
0.556824708570473,0.631072235953307,1
0.689428857222091,0.289343439810078,1
-0.0493287391516234,-0.220401070889612,1
-0.0847825984070073,-0.204577744239061,1
-0.117172399134225,-0.142685820056603,1
0.938376950613326,0.435313464751956,1
0.709332085089801,0.659832048576554,1
0.0482187658186606,0.819433505130923,1
0.66464446202999,0.641825256492597,1
0.228448534931391,-0.157749314119685,1
0.617582835100998,0.148271382233141,1
0.711535052363144,0.0612110086119242,1
0.843855314756196,0.524660474110665,1
0.816051698633408,0.670783895014956,1
0.484490069934066,0.659647588276531,1
-0.123805090711043,-0.187631409585289,1
0.414644817678588,0.762733453957029,1
0.754016854288299,0.150066062000915,1
0.642299333271657,0.634396050883046,1
0.587982716515975,-0.123802291730557,1
0.792697886969022,0.370416205806514,1
0.133892680271162,0.929482405769247,1
0.414149766056458,0.786032218915561,1
0.593474313834164,-0.0410740653948576,1
0.185185063807341,0.901674728878675,1
0.626239722303365,0.739751330747775,1
-0.19216322452128,-0.173862592298083,1
0.476463643683835,0.763281697383344,1
0.667951906395863,0.460429324876051,1
0.759961951047577,-0.0417410171225493,1
0.570474896143492,0.621675598223038,1
0.8205003576171,0.21491320036865,1
0.2848957088116,0.809550071926373,1
0.959092490532993,0.324699373841215,1
-0.0803710676401381,0.843013852230232,1
0.730250651948155,0.52551987917809,1
0.879495941737714,0.110386051799938,1
0.778476824816771,0.370682874903629,1
0.181931852052649,0.766645606763823,1
0.752860176948907,0.0928283661984892,1
0.950683850447378,0.411490024429552,1
0.698159003736884,0.142607519554151,1
0.782734280388218,0.611590685162578,1
0.279376543024144,-0.130454131639598,1
0.0427781032159358,-0.212380263042819,1
0.0403125236881285,-0.117088584363695,1
0.748150742875119,0.202973279927943,1
0.76210911467889,0.540297863349076,1
-0.210597972298426,0.820685322202991,1
0.1008407626587,0.782991948340968,1
-0.12682763316103,-0.320944436312248,1
0.873195658184296,0.450497138006373,1
-0.0596430074393693,0.677407770877019,1
0.585653557791542,-0.0989152738822937,1
0.273999083564704,-0.180345720664375,1
0.969518797825976,0.327101218431371,1
0.838371190831182,0.172573762591848,1
0.657443035333955,0.589616303569189,1
0.643918537783531,0.619728677969698,1
0.840317491949214,0.27665764568737,1
0.356380047564221,0.710227084890799,1
0.665301032318061,0.126463802750748,1
-0.778013553439883,-0.224402502503401,2
-0.472857493549453,0.186095251273198,2
-0.145974150748521,-0.689079943446771,2
-0.668421854839098,0.152820796228712,2
-0.150605475104936,0.199527473996716,2
-0.730406723541294,-0.0308423872052431,2
-0.823922575929436,-0.149945530950166,2
-0.442380904484075,0.28668587034034,2
-0.536955397236061,0.129934718551353,2
-0.720206067248449,-0.574896748015457,2
0.212149112218324,-0.746763964284248,2
-0.828509161555845,-0.151199233679289,2
-0.710491884817757,-0.443916496047883,2
-0.366841356138318,-0.688829670620407,2
-0.765247050754127,-0.310076038298371,2
-0.842583088160686,-0.25451713961361,2
-0.752709792588899,-0.0663121604452791,2
-0.501082473454592,0.176169700696395,2
-0.744564311723101,-0.316389932642075,2
-0.773802390876202,-0.295641675067356,2
-0.623907799788213,-0.511858790679792,2
-0.470428644632482,0.179080138801694,2
-0.121956168961565,0.268806931968721,2
-0.499167564304229,0.079181427378517,2
-0.65956781297289,-0.0541340319336223,2
-0.512212216577404,-0.633006581278589,2
-0.00131183645262767,-0.711090313739496,2
-0.530832462928894,-0.41014226037743,2
0.22963717194869,-0.702097476727751,2
-0.615414098238874,0.0639415891405277,2
-0.763955539749887,-0.351288321423364,2
-0.789085799539042,-0.492139613531262,2
0.140510596679221,0.348601271791389,2
-0.990059395503168,-0.134966407644928,2
-0.65624006626023,-0.0900115685604039,2
-0.0242763009160333,0.168702122481528,2
-0.260273313401733,0.0871167669469242,2
0.149360903065057,-0.946867626787422,2
-0.756368172606251,-0.270361759054613,2
-0.712284032271172,-0.608254281336613,2
-0.488210609396907,-0.49728508496448,2
-0.762871340959844,-0.543505465140407,2
-0.980837826254579,-0.167901084739599,2
-0.127567916370439,-0.680338911539202,2
0.0649446992647504,0.335396333548113,2
-0.12728945675641,0.199656520671624,2
-0.252077925434475,-0.722758027180202,2
0.113077905725792,-0.703124434626036,2
-0.322079706119838,-0.622341901718532,2
-0.0544865221438958,0.178087862043651,2
0.0762373940209657,0.346023793976439,2
0.179740338790075,-0.64420866304817,2
-0.751005116681787,-0.526660211205914,2
-0.728459793244584,-0.454634474607212,2
-0.364550416528611,-0.621970487463077,2
-0.552798483409926,-0.0608059670004897,2
-0.35504745369803,-0.644796586642762,2
-0.29875559650239,-0.579732564152988,2
-0.320763712734812,0.359442951259582,2
-0.497092461430599,0.146142225685655,2
-0.70710514014669,-0.121235981272545,2
-0.123252038025745,-0.545484860219195,2
-0.750756344403707,0.137901472353416,2
0.181989654213808,0.262102676477909,2
-0.302452273317139,-0.69926186664793,2
-0.26721991720392,0.32544768951039,2
0.307286418235818,0.291954894302677,2
-0.152855223194557,0.291190768134537,2
-0.701354069191,-0.365493300008631,2
-0.590368639021808,0.296456023923068,2
-0.726830549715846,-0.139622510249877,2
-0.317654021604406,-0.907652517550426,2
-0.263797077729935,0.294876765992825,2
-0.55612566120887,0.142199080366802,2
-0.139465346499243,-0.841733241959757,2
-0.78632989256713,0.10927125695657,2
-0.664066997779717,0.125153201363553,2
-0.734399040896884,-0.188630797460169,2
-0.59623317718165,-0.324595315162815,2
-0.965699725574862,-0.327891917972341,2
-0.774746816325268,-0.531531365933997,2
-0.247059139001316,-0.699855793775544,2
-0.336955597244795,0.283519169722528,2
-0.419399017027871,-0.525907047515897,2
-0.625694163291582,-0.585103148927886,2
-0.061484156272453,-0.711152155746344,2
-0.26782874764618,-0.691428175094847,2
-0.67784768059803,-0.478405983201551,2
0.214888390120736,0.311515491919719,2
-0.0431441244795812,-0.731587285472904,2
-0.592342751200656,0.0619962752112069,2
-0.463291078866861,0.166986865287585,2
0.0937517583118836,0.363765289052031,2
-0.75701030900248,-0.247573817954014,2
-0.786838531445385,-0.37975476876325,2
-0.784544372908793,-0.211277100475167,2
-0.264288782801638,0.421955418409759,2
-0.493605803129987,0.13079011256839,2
-0.60438507358984,0.0792085673763518,2
0.0867195146715547,-0.838732400087226,2
-0.848186625478631,-0.0495352711170417,2
-0.726944033520969,-0.359019742769629,2
-0.309106981352938,-0.669885423690747,2
-0.864335122029027,-0.267598774880097,2
-0.28141782976516,-0.766994348465507,2
0.0022196554685785,0.267998533367106,2
-0.842011764906193,0.126047930180804,2
-0.766291846915149,-0.38761976208038,2
-0.842547500704771,-0.236194544405413,2
-0.198433057885427,0.353539727233354,2
-0.764463284404166,0.00196045830081593,2
-0.371347556389941,-0.635296144312894,2
-0.612646157970351,0.18425557182732,2
0.0799772403168235,0.302511528752127,2
-0.29817565537517,0.263483556289249,2
-0.630643405028387,0.0282863601658014,2
-0.0279361486678392,-0.788675593467415,2
-0.741462488050784,-0.386162363419213,2
-0.918396348537798,-0.0612367612150988,2
-0.899686334933309,-0.252888970084321,2
-0.279408869908921,0.382846282499881,2
-0.763275504221479,-0.244402379717222,2
-0.413588792430711,0.28406595974028,2
-0.0584851552180337,-0.681266213494854,2
-0.682461327198433,-0.328820757697552,2
-0.58216784086481,-0.714510852318167,2
-0.650194431415251,-0.0554638699032034,2
-0.404776197397096,-0.658548110791526,2
-0.159236479214344,-0.82612908408075,2
0.320154462444941,0.439471843375066,2
-0.617592995462429,0.138342921033683,2
-0.583507955188168,0.255852682441613,2
-0.714376958334006,-0.112535782480714,2
-0.623595270726356,0.163097720320412,2
-0.249114766401013,0.261028922737777,2
-0.234364919409216,-0.791914740712218,2
0.0286375561442735,-0.758084211488938,2
-0.485342970644814,-0.599087662114797,2
-0.595338056182502,-0.41329241571833,2
-0.740056568349032,-0.376696084970386,2
-0.0220243777175786,0.453341204198809,2
-0.56706064088743,-0.560128436180348,2
-0.0309252734053964,-0.659146819756429,2
-0.605455991465462,-0.421205015995534,2
-0.38837892442566,0.272726027172765,2
0.325250435260648,0.325805701681993,2
-0.763049621620441,-0.182587333474927,2
-0.890965101348699,-0.128399808984418,2
-0.126270908005652,-0.781792612856164,2
-0.818748911270621,-0.287770809230183,2
-0.890508189420897,-0.161450389412877,2
-0.665338692577963,-0.0440138777081407,2
-0.279178894686795,-0.738358545763651,2
0.103552464935346,0.301961049224872,2
-0.783902613490527,-0.426713830682976,2
-0.237380773365481,0.274392790550689,2
-0.82338828746982,-0.327280087691395,2
-0.080060072807291,-0.703410386758299,2
-0.837932706291036,-0.419417917195865,2
-0.781581991499233,0.00945951547960489,2
-0.603161274836569,-0.418288120585283,2
-0.735510226268778,-0.429916997465005,2
-0.0645423152213755,0.387949224303169,2
-0.658371065519762,-0.140571686872494,2
-0.349456792387136,-0.595737821878138,2
-0.425637420619104,-0.636716880045985,2
-0.080480073716557,-0.811549747774962,2
-0.390878833148745,0.251435668340692,2
-0.131379295194348,0.184735377654509,2
-0.484638817251356,0.0433270440938154,2
0.098092554196322,-0.681189197687493,2
-0.173444454749145,-0.715456647566354,2
-0.31975468197335,-0.794869493957777,2
0.20878943115052,0.302520995535888,2
-0.751840818387563,-0.280074334655666,2
-0.728022038797401,-0.31348776879961,2
-0.159683506709021,-0.821641143725914,2
0.154207775418602,0.303872860427371,2
-0.339313719874578,-0.680956217356751,2
-0.384727744010383,0.121913834409891,2
0.191981206742533,-0.74525925554015,2
-0.180049366253646,-0.724291036151549,2
-0.509193858648404,-0.571991678110724,2
-0.0350968739187355,-0.597899755749182,2
-0.623199129688129,0.201746288310667,2
-0.729314621735399,0.0764822901599731,2
-0.589096421755733,-0.45877032884747,2
-0.792627532019516,-0.427550694259953,2
-0.799754902599329,-0.293731259296179,2
-0.910416116600246,-0.187179579526235,2
-0.882665000158888,-0.396364480453838,2
-0.708086143485643,-0.46231536314642,2
-0.28336085346961,0.0691814190875142,2
-0.73583620719089,-0.291631015075277,2
0.0555323347319163,-1,2
-0.498657368159829,0.0967731974910084,2
-0.818748788775409,-0.52086263284443,2
-0.457126034944706,-0.556238487507195,2
-0.734782579122881,-0.467448056100444,2
-0.739597730049993,0.0421063008699918,2
-0.642791316316393,-0.0758669642493376,2
-0.0975934641375404,0.33900598733012,2
0.256117010772384,-0.746626507930966,2
-0.93940476703297,-0.203115000273338,2
-0.618979172465648,-0.561171650710702,2
-0.665213376005998,-0.0708994518346963,2
-0.553601932511389,0.0881654944423935,2
0.147814459995839,-0.739790222350834,2
0.20093507334137,-0.592226259125499,2
0.234096020936808,-0.7709639000058,2
-0.848882443149855,-0.0850642336604577,2
-0.83808374627033,-0.0869631928137354,2
-0.730862972830296,-0.373722755327818,2
-0.13158325392616,0.236694689786336,2
-0.725201297489203,-0.187199276125911,2
-0.929069241960533,-0.179343923573443,2
-0.558311372068245,0.0394288397648568,2
-0.605490084033391,0.0555689478421866,2
-0.622121669936089,-0.395558796400824,2
-0.818161756228114,-0.531885154110179,2
0.0513437026335211,-0.699604530381598,2
-0.524447492576593,-0.698681052135404,2
-0.598984724146127,-0.155733587426961,2
-0.224212637952249,0.253112856610703,2
-0.441150867727811,-0.823034684897362,2
-0.0384657535523641,-0.727267559261564,2
0.0978207075287592,0.274964539100228,2
-0.680294089917936,-0.36373476409798,2
0.000228700441900598,-0.707796586527303,2
-0.164207902741519,0.216612910223609,2
0.00477626962384403,-0.713173518728087,2
0.016798047264186,0.342546614394997,2
-0.263470596614335,-0.628741224648417,2
-0.656714702324695,-0.508787302062259,2
-0.697026194362695,-0.00721232041207831,2
-0.753825417682687,0.072822092006587,2
-0.00398273689380124,0.234760947560621,2
-0.0479907251327403,0.347336760345399,2
-0.746643706270132,-0.285838329040136,2
-0.617161390468356,-0.017460188232029,2
-0.413737570029471,-0.55077636270791,2
-0.649309057196928,-0.314825787481575,2
-0.710691543850033,-0.440738869693604,2
-0.827660098117402,-0.192294099771461,2
0.00120625542057451,0.455557280601096,2
-0.677849392467675,-0.0933165164359797,2
-0.177581343217434,0.365799858909521,2
-0.868215196332182,-0.18975136821946,2
-0.847158533955678,0.116885812162041,2
-0.751539944153232,-0.0688446437046509,2
-0.900715649483511,0.0422269531127011,2
-0.132414110861207,0.265739717868124,2
-0.703197067075784,-0.378564920620499,2
0.1915490428077,-0.730231923649497,2
-0.433691247451407,-0.522521773870757,2
-0.745421788471382,-0.438021268500262,2
-0.490276411058191,-0.728531144426631,2
-0.255919448722776,0.12489147223681,2
-0.623499675316448,-0.455695997714554,2
0.188638577501748,-0.669125284253647,2
-0.590449834962191,-0.473376280066187,2
-0.530558829572914,0.299768685454525,2
-0.273708837262242,-0.637403855000219,2
-0.0760298917065079,-0.773330119734056,2
-0.75597476371539,0.0671333342199623,2
-0.719303070106212,-0.347139636527246,2
-0.171952309707003,0.331896132504857,2
-0.121778831222229,0.30102023579832,2
-0.845363257155044,0.215698767301959,2
-0.614258241824941,-0.475096587721916,2
-0.0286607227039263,0.30825333844343,2
-0.29751186914197,0.198083361913443,2
-0.899397408981799,-0.374529868883832,2
-0.635005783023009,0.254896204618769,2
-0.601986400297199,-0.524952712717238,2
-0.663387812554257,-0.0946224399995316,2
0.236405656279365,0.303517483934062,2
-0.263977380091913,0.383378495266908,2
-0.268986169856949,-0.814398485092294,2
-0.740969469122639,-0.479955363215474,2
-0.145281606887305,-0.710532619231507,2
-0.870277802875648,-0.236010175823227,2
-0.765919090767559,-0.48409024759263,2
0.100035040418579,-0.754685983524157,2
-0.145414249107394,-0.731188271610432,2
-0.00898829934917655,0.145627712668355,2
-0.737902561237962,-0.313121878040228,2
-0.442160380472993,-0.51371392816974,2
-0.515916454650215,-0.474654395879821,2
-0.42300036970434,-0.742364584036565,2
0.272419446534645,-0.766854978111318,2
-0.714824129512004,-0.383579672322041,2
0.0779955924446227,-0.654428537999567,2
-0.246030572504894,-0.631667824156978,2
-0.557248186079876,-0.724670323554548,2
-0.325908039321822,-0.561991793466769,2
-0.801053162308569,-0.487562777833333,2
-0.65566501794809,-0.317745258703091,2
-0.732397661206907,-0.226909234000678,2
-0.442929312846239,-0.70044093679777,2
-0.0398909700256505,0.291634573759632,2
0.0161901040112673,0.183137348505829,2
0.0293252583688277,-0.779576668235416,2
-0.623352733216519,0.0468772304903278,2
-0.0821109991929309,0.402901954106833,2
-0.391497411010615,-0.587758428585958,2
-0.0930559993482527,0.288400742584795,2
-0.631761984137276,-0.634818439297673,2
-0.13588011681186,0.433422680850089,2
-0.51267226727382,-0.604567572434533,2
-0.168669261172166,0.371403645887052,2
-0.818539836218534,-0.0367891058659466,2
-0.882944417548094,-0.273974142093923,2
-0.775828535452046,-0.45179685216174,2
-0.0790229056191627,0.140126301882531,2
-0.754611522531255,-0.237768409582537,2
-0.803327881846852,-0.136211236156512,2
-0.658142372559737,0.0747516503465029,2
-0.200422307834568,-0.513748728465504,2
0.0804310572838036,-0.77674201683938,2
-0.389054605771805,0.219961249371989,2
-0.884042030040143,-0.203254656663491,2
-0.781762120702124,-0.121352083235567,2
-0.317807217481898,0.137240294510922,2
-0.633669717292002,-0.234111548524846,2
-0.90947674844012,-0.152678654517058,2
0.0777751064065961,-0.814357424387147,2
-0.731828272093026,-0.41397704396448,2
-0.436921181297126,0.149349496956335,2
-0.710801353236829,-0.0834633419423224,2
-0.451213568142825,-0.558765193829246,2
-0.500877182278007,-0.588584837557808,2
-0.344457562485037,-0.753547786427844,2
0.174083078342133,0.393051787031153,2
-0.305116516513279,-0.603201472636495,2
-0.716713441909545,-0.228135103322077,2
0.128778239841997,-0.630818471712334,2
-0.217405260586429,0.268199390614456,2
0.0488757379269302,0.262997797246058,2
-0.885334332154517,-0.067018558973055,2
-0.0293329035916314,0.218735262878822,2
0.212847079699734,-0.771690354015354,2
-0.134206690163276,0.342985574881041,2
-0.440779724713367,-0.59060659230054,2
-0.47537430881368,0.270109844166966,2
-0.778007917363771,-0.00687303936075456,2
-0.474155798624412,0.201710037690429,2
-0.170414568829102,-0.786623631256252,2
-0.750556634109834,-0.427495353327529,2
-0.365657364181907,0.148760273138176,2
-0.44202289729812,0.0813160501314034,2
-0.728645370739522,-0.40775924745166,2
0.141182215688798,0.398325261580227,2
-0.0991825619609344,-0.832030244368795,2
-0.602165016284016,0.228508847363774,2
-0.803114282024479,-0.249959971153791,2
-0.649416977917868,-0.31833712837691,2
-0.63675153573552,0.0580315025449401,2
-0.313892254000034,-0.702746892883042,2
-0.84500887753647,-0.101764927438148,2
-0.245128548683023,-0.44450447484373,2
0.0367362244668397,-0.639534331494689,2
-0.244667892952623,-0.557839441003949,2
-0.578167184561185,-0.441285043867142,2
-0.782660742989065,0.173428367023679,2
-0.0397528504671454,0.262441191297044,2
-0.964633994153051,0.0016240877373308,2
0.153252489116264,0.267825329740275,2
-0.76361694094519,-0.504895158310906,2
-0.911996082143452,-0.120423651894737,2
-0.896863191084848,-0.210386872912185,2
-0.688256500964763,-0.438209137393563,2
-0.805586292759205,-0.388846692192056,2
-0.0760088495502039,-0.67447742998145,2
-0.886126066287894,-0.381522037642401,2
-0.836346418332985,-0.486864383008032,2
-0.0946907927122839,-0.668653400709644,2
-0.750265016289941,-0.173388441147823,2
-0.761306718406088,-0.208489113671557,2
-0.796877625325924,-0.0591141347112557,2
-0.439089096443561,0.249689675002653,2
-0.404817670373228,0.224623475639767,2
0.119287940780464,-0.758735569765423,2
-0.798068758866083,-0.0699131499426958,2
-0.738082086448251,-0.505700241499397,2
-0.726649627008222,-0.492946339609056,2
-0.564099347383779,-0.70440667901466,2
-0.708280956044287,-0.445881279347688,2
-0.30621993763268,-0.449895796313191,2
-0.67962477985213,0.0952013676071042,2
-0.776170328686505,-0.076632729288435,2
-0.11371295341219,-0.782643254441912,2
-0.305292409614897,0.192215642296507,2
-0.0985257890986384,-0.696835428082426,2
-0.0775389235691628,-0.658316183429157,2
-0.709235104669345,-0.339469651706017,2
-0.516723240206643,-0.572952301141335,2
-0.824104890184916,-0.230456798676507,2
-0.711627311556165,-0.392393565190979,2
0.0102436370306807,0.278759828349113,2
-0.127895064481874,-0.668514674719893,2
-0.800016677352511,-0.525636007889975,2
-0.559154267434335,-0.547848701822531,2
-0.684194898914641,0.0240464365779534,2
-0.629877078556363,-0.00789610130514418,2
-0.434464487297702,-0.539913952064561,2
-0.662881852949575,-0.093190787968038,2
0.0941692446638052,-0.612843763198521,2
-0.593163797646673,-0.575826170486762,2
-0.501080584311668,0.254867149466718,2
0.0011332465761893,0.35150699671742,2
-0.706226500968424,0.0347965649638864,2
0.034725729386416,-0.660889306677163,2
-0.728065427385913,-0.0440341168478544,2
0.159924197625722,-0.759767466562144,2
-0.748728291527523,-0.396389739210512,2
-0.889272164358879,0.0224612563668616,2
-0.139571951198453,0.212274248158023,2
-0.587085795137274,-0.516343484436063,2
-0.300834747804139,0.398817467872359,2
-0.306798620763651,0.143563367674906,2
0.0446844587976738,-0.773736344746491,2
-0.69515994522203,-0.00401011385460548,2
-0.112838444068177,0.128651811248933,2
0.26946338313057,-0.764823301956761,2
-0.882844644255094,-0.260223983466472,2
-0.792693500486126,-0.14983430884593,2
0.0362585878178476,0.329212802721505,2
-0.183823691243256,0.424810341747783,2
-0.354678135919468,0.281554798978442,2
-0.613355070760702,-0.295012356460467,2
0.142472054761325,0.301335116650877,2
-0.612330883932525,0.216646439006759,2
-0.715099264363765,-0.427935292525247,2
0.235040440145676,-0.738950485911926,2
0.215934343635948,0.269249490864458,2
-0.748038708684747,-0.234239494587322,2
-0.67325470408844,-0.187961940544604,2
-0.75990224228262,-0.331244794916889,2
-0.367050466783944,0.270933514964421,2
0.191408425599177,0.293738192498432,2
-0.593336965653659,-0.450829087201546,2
0.0792226530002325,-0.888251029659579,2
-0.40473426560533,-0.722630054330393,2
-0.563289256606053,-0.643082456325477,2
-0.728646062645407,-0.404193873761712,2
-0.0189743020033011,0.298061012716094,2
-0.641626904330731,0.0455464773640768,2
0.155105875851234,-0.811384293050557,2
-0.332727334557819,0.335055388461284,2
-0.468719136621577,-0.503577527436769,2
-0.790068570704682,-0.317788472344745,2
-0.0704338691072243,-0.67611465393492,2
-0.640776607118826,0.0396732693708521,2
-0.609655373203909,-0.239966156758555,2
-0.820808827178392,-0.401873588399877,2
-0.144416498119243,0.230621473402678,2
0.0316383417160266,-0.700466950232719,2
-0.572544769186192,0.256315306378737,2
-0.89408634380874,-0.304939355143411,2
0.22065389071456,-0.690785632171215,2
-0.787411939676977,-0.406473243818285,2
-0.438418049756535,0.191883299523754,2
0.0225945749584024,-0.756569379074546,2
0.107628317087791,-0.783801212844171,2
-0.552374008873729,0.254814179521794,2
-0.575723940493087,0.052404177126782,2
-0.375494233467233,0.149799556727322,2
-0.335191676368309,0.286897585533806,2
0.212627747034522,0.217915727234493,2
-0.877765137757206,-0.375999504081919,2
0.252186309621993,0.391028804280667,2
-0.673371415166967,0.0692070906298479,2
0.245780682634993,0.443854958618364,2
-0.679132655857922,-0.148879138964131,2
-0.578070650165586,-0.453155783517326,2
-0.657750219485697,-0.0701627149479377,2
-0.122312822788288,-0.809637619727318,2
0.160239030032237,-0.718667685638357,2
-0.877559209148306,-0.0375315516709334,2
-0.225709671226989,-0.7228949092858,2
-0.256084624838382,0.200389238652079,2
-0.678988828860612,-0.460384109539429,2
-0.776280452989585,-0.37550513037763,2
-0.608145352118464,-0.124457466106515,2
0.0576270300537629,0.372833140026436,2
-0.210621351481128,-0.721335425332354,2
-0.610396858772148,-0.398693750099324,2
-0.780300240476334,-0.213089752401537,2
-0.676068170559597,-0.493764232254023,2
-0.474907359349082,-0.757478297250896,2
-0.644274799753007,-0.378825658357405,2
-0.212314263073256,0.270163213323571,2
-0.535146196444932,0.113447689771435,2
0.0895724470228416,-0.636874042261257,2
0.232066342984178,0.485011243863027,2
-0.850154680504842,-0.176574584550851,2
-0.0551754136556458,-0.704247623567444,2
0.374331974200518,-0.598940149115435,2
-0.48012392665729,0.0340215512460322,2
-0.308531355176231,0.0862414442175552,2
-0.642275510843718,-0.0169451511765161,2
-0.746528570444589,-0.015940265702302,2
0.332896318566215,0.231343244493525,2
-0.66182760975186,-0.445716833068911,2
-0.635758277355899,-0.620978462563622,2
-0.0477094544978955,-0.802390546760946,2
-0.346762662370841,-0.637419007433499,2
-0.809435625428044,-0.125879690687559,2
-0.192236800991644,-0.60945993463099,2
0.0766226076535854,0.32475552646633,2
0.12657889434793,-0.805014511445383,2
-0.343529827975857,-0.629175245164788,2
-0.0999347928133244,-0.789487031706231,2
-0.621751283860577,0.0190914779443987,2
-0.417966448470697,-0.516272686774031,2
-0.115160507781061,0.216951656155664,2
-0.802159037747064,0.134121332860942,2
-0.557177046631757,-0.51211053663337,2
-0.455809928890052,-0.479136738719563,2
-0.462755680825139,0.307760161791208,2
-0.764271385118434,-0.366575452188749,2
-0.381916807805259,-0.734740377575088,2
-0.794543092279917,-0.547910576352894,2
-0.0664269092993123,-0.776502999571784,2
-0.790479085205385,-0.26842524528678,2
-0.415625028230392,0.195892280986989,2
0.150252690526834,-0.718386305210904,2
0.346304288840714,-0.655492103622639,2
-0.697094588655879,0.0391176792358843,2
-0.600533469843789,-0.552429596139462,2
-0.105903666576507,-0.559492234785555,2
-0.781084774760716,0.0637691840873702,2
-0.468742351136813,-0.471543044065711,2
-0.926410786477095,-0.240653569152804,2
-0.862495702368807,-0.271386981565789,2
-0.330312035373462,0.295316283307615,2
-0.525991512739512,0.132058040343598,2
-0.766568612798219,-0.359399285789768,2
-0.214721162640187,-0.73976839805503,2
-0.590427068904736,-0.41167820239714,2
-0.437701561107091,-0.552632331102524,2
-0.329737263062099,0.21863687125971,2
-0.685032101844319,0.118890982647947,2
0.137897141200264,0.231768799980694,2
-0.508324218940442,-0.0697131772509318,2
-0.478020057473521,-0.501233766955202,2
-0.722341991756363,-0.335532388179324,2
-0.436343287660508,-0.575172266303362,2
-0.378683407188059,0.136457982646087,2
-0.328372148404433,-0.500908847724097,2
-0.654813858093298,-0.397106678240665,2
-0.784682795355567,-0.417389140054896,2
0.0620120506588817,0.287944534019005,2
0.0887187054528211,0.221636612226172,2
-0.552781946081967,-0.737824188432503,2
-0.793683529013672,-0.371017932155762,2
0.0385028183792429,-0.772261114075053,2
0.293065310085143,-0.626156763181135,2
-0.701203498751488,-0.251414209001525,2
-0.842652872422388,-0.0372715097141378,2
-0.777846860437368,-0.393373388523113,2
-0.216869517195655,0.29298504563706,2
-0.531464753964887,0.297974202474373,2
-0.169199125549741,-0.718861928429962,2
-0.080910870052697,0.402522405405149,2
-0.329682119723317,0.122191770004975,2
0.0244391069712484,0.388175294667644,2
-0.287485342654124,0.142023805362619,2
-0.847730521262661,-0.424609100891525,2
-0.601369391345595,0.21010788985218,2
-0.759839820782285,-0.233535504258192,2
-0.749830830199022,-0.182954508495015,2
-0.639190427206601,0.0593657916571897,2
-0.284125479675983,-0.539743808065608,2
-0.276391442008925,0.166056796423997,2
-0.670844949760649,-0.0957073670836341,2
-0.230331289624896,-0.726639662742039,2
-0.637011704034267,-0.508063321795089,2
-0.0886787724450793,-0.639510621983413,2
-0.675379257647853,-0.242374239645393,2
0.0265840381656488,0.216177440464386,2
-0.215362590757141,-0.695302996537124,2
-0.788337442312149,-0.0496147035917016,2
-0.250609724656513,-0.711201333988668,2
-0.757684608595533,0.0559539117493335,2
-0.148783310987161,0.362119644655682,2
-0.0555325766171091,-0.760317811726844,2
-1,-0.0871879404822082,2
-0.169181521455917,0.210052192624339,2
-0.0541165242230215,-0.753223646178839,2
-0.395809065580997,-0.884564255466315,2
0.31314080482414,-0.770725748541732,2
-0.742588459321489,-0.362643067497842,2
-0.0179584266335638,-0.710476250000142,2
-0.145009745793273,-0.578503334997699,2
-0.595011272321934,0.132513881891996,2
-0.607241870242334,-0.377020030690308,2
-0.246685784982517,-0.69192758262817,2
-0.404829090804869,0.175047336251452,2
-0.656854581453325,-0.0514733710775296,2
-0.516763959846147,-0.507417147821573,2
-0.655478333162314,-0.376413253195873,2
-0.485597270300114,0.292761935326645,2
0.236329381940382,-0.742141219135273,2
-0.191063107879845,-0.79532533388902,2
-0.4146730755958,-0.624187769022485,2
-0.219308025354367,0.337861505679952,2
-0.583836580461674,-0.0376642034663108,2
-0.274891753160384,-0.884812709745666,2
-0.392688471187138,0.183310805839326,2
-0.745074272329332,-0.433877932936844,2
0.111577779737622,0.299859753251799,2
-0.123848608194677,0.340815659340041,2
-0.794263877326411,-0.112827306083933,2
-0.791940683649838,-0.442554319075295,2
-0.637841764577039,-0.349075311634445,2
-0.825581341802696,-0.0146211201318039,2
-0.688511186235287,-0.382646553080256,2
0.121699245479486,0.281823660744273,2
0.0693228031105457,0.349215179894948,2
-0.804189802631721,-0.136764859586098,2
-0.767077291040322,-0.37611846130565,2
-0.0749258007524271,-0.665768962367795,2
-0.515153501411077,-0.576509129881402,2
-0.486878040674649,0.173502755464607,2
-0.643533480461297,0.0604876230450841,2
-0.88484208827146,-0.376424408122207,2
-0.655595321700827,-0.544497156341205,2
-0.506348242608037,-0.671311702806779,2
0.218453732588152,0.221472892045273,2
-0.577147151358764,-0.608971103908597,2
-0.616572805227649,0.0441232268409766,2
-0.578263404759201,-0.419280696002125,2
-0.587606932208749,0.0971547468317018,2
-0.800180099474243,-0.372984636844035,2
0.0295572153314374,-0.705991147450011,2
-0.399487574515434,-0.751998191595692,2
-0.626980210998621,0.080122907414018,2
-0.564274583334581,-0.563203972082615,2
0.15828569621755,0.309365274109224,2
-0.452165891366756,-0.559400333632912,2
-0.713691315844441,-0.323860032292862,2
-0.126122453248291,-0.644669337287344,2
-0.68990765568982,0.01374239674769,2
-0.619880334924704,-0.545285730591164,2
-0.782589571514078,0.148845997657689,2
-0.34830129141897,-0.570653909175864,2
0.061097990748787,-0.591267339130475,2
-0.673505317275632,-0.519246858079822,2
-0.852140462392564,-0.166052187214157,2
-0.707956419651963,-0.0777672042892359,2
0.021978480749653,-0.957798638232869,2
-0.887087087043148,-0.121586794649927,2
0.197792640085962,0.275181518973988,2
-0.580339115417615,0.115099314486168,2
-0.594711634236595,-0.433064302122141,2
-0.488482844829528,0.274963029361336,2
0.0654005950667407,0.244835625432093,2
-0.295406352133488,0.315602103218205,2
-0.44721821921997,-0.406179154419191,2
-0.0730546570041245,-0.640952253568529,2
0.211203186600142,0.41202540443118,2
-0.914164637402774,-0.128462164302873,2
0.144458486804492,-0.737991010026108,2
-0.570583321634487,0.245689446564378,2
-0.374444548109086,0.0837777451678907,2
-0.816129151365566,-0.267880578152696,2
-0.744882657228162,0.015346041150063,2
-0.579811159375147,-0.626179326754377,2
-0.683793820175048,-0.574965293429587,2
-0.95475057208473,0.0519387656992198,2
-0.497959964529136,-0.556219119234092,2
0.0889898169022951,0.3785081006209,2
-0.767569519859241,0.15059770571021,2
